Model,MAE,MSE,RMSE,R2
DecisionTree,4.074910834779256,27.83684314352687,5.276063223988779,-0.0256538873530352
