k,Silhouette,Inertia
2,0.11738976733148895,6755.838497293375
3,0.10339865483118056,6374.575126084574
4,0.12589115351723792,5996.559789918833
5,0.06980522167222857,5848.530215997273
6,0.06744784064818862,5616.576001136546
