Model,MAE,MSE,RMSE,R2
MLP,3.9091540938957516,25.547807437923336,5.054483894318325,0.058686077406514325
