Model,MAE,MSE,RMSE,R2
svr,3.871226594,24.43875625,4.943557044,0.099549284
linear,4.107544038,25.81259046,5.08060926,0.048930096
mlp,3.909154094,25.54780744,5.054483894,0.058686077
randomforest,4.009232767,25.72365636,5.071849402,0.05220689
decisiontree,4.074910835,27.83684314,5.276063224,-0.025653887
