Model,MAE,MSE,RMSE,R2
RandomForest,4.009232766512313,25.723656355662587,5.071849401910765,0.05220688990898992
