Model,MAE,MSE,RMSE,R2
SVR,3.871226593866312,24.43875625137263,4.943557044413732,0.09954928358597437
